Version,Number,Number length,Variables,Clauses,1 Literal,2 Literals,3 Literals,Runs,Avg. Time[ms]
ReduceClauseSize,355888708943419772067,69,28038,83806,1,55870,27935,30,143.084242
ReduceClauseSize,3315548805509,42,10998,32809,1,21872,10936,100,52.193835
EncodeXOR,355888708943419772067,69,16216,54251,1,20404,33846,30,89.711123
EncodeXOR,3315548805509,42,6380,21264,1,8018,13245,100,32.962884
