Version,Number,Number length,Variables,Clauses,Runs,Avg. Time[ms]
v1,355888708943419772067,69,27717,82843,30,283.716594
v1,3315548805509,42,11239,33531,100,107.103843
