Version,Number,Number length,Variables,Clauses,1 Literal,2 Literals,3 Literals,Runs,Avg. Time[ms]
v1-OptZero,355888708943419772067,69,28038,83806,1,55870,27935,30,143.084242
v1-OptZero,3315548805509,42,10998,32809,1,21872,10936,100,52.193835
